caseNumber,caseStatus,caseSubmitted,decisionDate,employerName,jobTitle,socCode,socTitle,fullTimePosition,wageFrom,wageTo,wageUnit,prevailingWage,pwUnit,worksiteCity,worksiteState,worksitePostalCode,annualizedWage,sourceFile
I-200-23333-529545,Certified - Withdrawn,,2024-07-03T00:00:00,"DiDi Research America, LLC ",Data Scientist II,15-2051.00,Data Scientists,Y,132960,194454,Year,107682,Year,Mountain View,CA,94043,132960,FY2024_Q4
I-200-23333-530280,Certified - Withdrawn,,2024-08-14T00:00:00,"DiDi Research America, LLC ",Software Engineer II,15-1252.00,Software Developers,Y,136000,194454,Year,135283,Year,Mountain View,CA,94043,136000,FY2024_Q4
I-200-23338-542462,Certified - Withdrawn,,2024-07-09T00:00:00,"DiDi USA, Inc.",Recruiting Manager,13-1071.00,Human Resources Specialists,Y,91200,133380,Year,86528,Year,Mountain View,CA,94043,91200,FY2024_Q4
I-200-24136-997485,Certified - Withdrawn,,2024-09-18T00:00:00,"DiDi Research America, LLC ",Senior Software Engineer,15-1252.00,Software Developers,Y,184662,233365,Year,147368,Year,Fremont,CA,94539,184662,FY2024_Q4
I-200-24178-149644,Certified,,2024-07-03T00:00:00,"DiDi Research America, LLC ",Staff Software Engineer,15-1252.00,Software Developers,Y,234062,312930,Year,181272,Year,Fremont,CA,94539,234062,FY2024_Q4
I-200-24200-206418,Certified,,2024-07-25T00:00:00,"DiDi Research America, LLC ",Senior Software Engineer,17-2199.08,Robotics Engineers,Y,168480,233365,Year,153254,Year,Mountain View,CA,94043,168480,FY2024_Q4
I-200-24221-255318,Certified,,2024-08-15T00:00:00,"DiDi Research America, LLC ",Software Engineer I,17-2199.08,Robotics Engineers,Y,100069,142406,Year,100069,Year,Mountain View,CA,94043,100069,FY2024_Q4
I-200-24227-268685,Certified,,2024-08-21T00:00:00,Didi USA Inc.,Recruiting Manager,13-1071.00,Human Resources Specialists,Y,130000,150000,Year,91437,Year,Mountain View,CA,94043,130000,FY2024_Q4
I-200-23124-993205,Certified - Withdrawn,,2024-10-03T00:00:00,"DIDI RESEARCH AMERICA, LLC",Software Engineer I,17-2199.08,Robotics Engineers,Y,130000,150000,Year,91312,Year,Mountain View,CA,94043,130000,FY2025_Q1
I-200-24271-369729,Certified,,2024-10-04T00:00:00,"DiDi Research America, LLC ",Autonomy System Engineer II,19-2012.00,Physicists,Y,156083,180000,Year,156083,Year,Mountain View,CA,94043,156083,FY2025_Q1
I-200-24271-370579,Certified,,2024-10-04T00:00:00,"DiDi Research America, LLC",Staff Software Engineer,17-2199.08,Robotics Engineers,Y,188229,275284,Year,153254,Year,Mountain View,CA,94043,188229,FY2025_Q1
I-200-24297-426436,Certified,,2024-10-30T00:00:00,"DiDi Research America, LLC",Senior Software Engineer,17-2199.08,Robotics Engineers,Y,168480,233365,Year,153254,Year,Mountain View,CA,94043,168480,FY2025_Q1
I-200-24316-466901,Certified,,2024-11-18T00:00:00,"DiDi Research America, LLC",Software Engineer,17-2199.08,Robotics Engineers,Y,134077,194454,Year,134077,Year,Fremont,CA,94539,134077,FY2025_Q1
I-200-24326-491248,Certified,,2024-11-29T00:00:00,"DiDi Research America, LLC",Senior Software Engineer,15-1221.00,Computer and Information Research Scientists,Y,191922,233365,Year,179837,Year,Fremont,CA,94539,191922,FY2025_Q1
I-200-22138-186186,Certified - Withdrawn,,2025-01-02T00:00:00,"DIDI RESEARCH AMERICA, LLC",Software Engineer I,15-1111.00,Computer and Information Research Scientists,Y,120000,140000,Year,116834,Year,Mountain View,CA,94043,120000,FY2025_Q2
I-200-24117-928311,Certified - Withdrawn,,2025-01-06T00:00:00,"DiDi Research America, LLC ",Software Engineer II,15-1252.00,Software Developers,Y,184662,221046,Year,147368,Year,Fremont,CA,94539,184662,FY2025_Q2
I-200-25076-780520,Certified,,2025-03-24T00:00:00,"DiDi Research America, LLC ",Staff Software Engineer,15-1252.00,Software Developers,Y,200000,296400,Year,199534,Year,San Jose,CA,95134,200000,FY2025_Q2
I-200-25079-791590,Certified,,2025-03-27T00:00:00,"DiDi Research America, LLC",Senior Software Engineer,17-2199.08,Robotics Engineers,Y,158594,247038,Year,153254,Year,San Jose,CA,95134,158594,FY2025_Q2
I-200-24163-096404,Certified - Withdrawn,,2025-04-14T00:00:00,"DiDi Research America, LLC ",Data Scientist II,15-2051.01,Business Intelligence Analysts,Y,170186,183924,Year,116646,Year,Fremont,CA,94539,170186,FY2025_Q3
I-200-25143-014506,Certified,,2025-06-02T00:00:00,"DiDi Research America, LLC",Autonomy Systems Engineer II,17-2051.01,Transportation Engineers,Y,110000,170000,Year,108930,Year,San Jose,CA,95143,110000,FY2025_Q3
I-200-25143-014664,Certified,,2025-06-02T00:00:00,"DiDi Research America, LLC",Senior Software Engineer,17-2199.08,Robotics Engineers,Y,155000,175000,Year,153254,Year,San Jose,CA,95134,155000,FY2025_Q3
I-200-25143-014812,Certified,,2025-06-02T00:00:00,"DiDi Research America, LLC",Software Engineer II,17-2199.08,Robotics Engineers,Y,126672,182520,Year,126672,Year,San Jose,CA,95134,126672,FY2025_Q3
I-200-25178-135617,Certified,,2025-07-07T00:00:00,"DiDi Research America, LLC",Software Engineer II,17-2141.00,Mechanical Engineers,Y,129189,214776,Year,128690,Year,San Jose,CA,95134,129189,FY2025_Q4
I-200-25178-135661,Certified,,2025-07-07T00:00:00,"DiDi Research America, LLC",Senior Software Engineer,17-2141.00,Mechanical Engineers,Y,155100,247038,Year,155043,Year,San Jose,CA,95134,155100,FY2025_Q4
I-200-25189-159708,Certified,,2025-07-15T00:00:00,"DiDi Research America, LLC",Senior Software Engineer,17-2141.02,Automotive Engineers,Y,159000,247038,Year,158995,Year,San Jose,CA,95134,159000,FY2025_Q4
I-200-25191-165568,Certified,,2025-07-17T00:00:00,"DiDi Research America, LLC",Staff Software Engineer,15-2041.00,Statisticians,Y,174000,296400,Year,173992,Year,San Jose,CA,95134,174000,FY2025_Q4
I-200-25205-198956,Certified,,2025-07-31T00:00:00,"DiDi USA, Inc.",AI Strategy Principal,15-1252.00,Software Developers,Y,190000,220000,Year,187741,Year,San Jose,CA,95134,190000,FY2025_Q4
I-200-25226-242207,Certified,,2025-08-21T00:00:00,"DiDi Research America, LLC ",Staff Software Engineer,15-1252.00,Software Developers,Y,227000,270000,Year,226138,Year,San Jose,CA,95134,227000,FY2025_Q4
I-200-25230-249038,Certified,,2025-08-25T00:00:00,"DiDi USA, Inc.",AI Strategy Principal,15-1252.00,Software Developers,Y,198800,270000,Year,187741,Year,San Jose,CA,95134,198800,FY2025_Q4
I-200-21078-160290,Certified - Withdrawn,,2025-11-04T00:00:00,"DIDI USA, INC.",SENIOR PROGRAM MANAGER,13-2099.01,Financial Quantitative Analysts,Y,120000,160000,Year,110469,Year,MOUNTAIN VIEW,CA,94043,120000,FY2026_Q3
I-200-25307-364365,Certified,,2025-11-14T00:00:00,"DiDi Research America, LLC ",Autonomy Systems Engineer II,17-2051.01,Transportation Engineers,Y,129189,214776,Year,115128,Year,San Jose,CA,95134,129189,FY2026_Q3
I-200-25309-376015,Certified - Withdrawn,,2026-01-14T00:00:00,"DiDi Research America, LLC ",Senior Software Engineer,17-2141.00,Mechanical Engineers,Y,185869,247038,Year,185869,Year,San Jose,CA,95134,185869,FY2026_Q3
I-200-25323-420836,Certified,,2025-11-26T00:00:00,"DiDi Research America, LLC ",Senior Software Engineer,17-2199.08,Robotics Engineers,Y,148594,247038,Year,129459,Year,Santa Clara,CA,95134,148594,FY2026_Q3
I-200-26044-640458,Certified,,2026-02-23T00:00:00,"DiDi Research America, LLC ",Senior Software Engineer,17-2199.08,Robotics Engineers,Y,158621,247038,Year,158621,Year,San Jose,CA,95134,158621,FY2026_Q3
I-200-26113-828131,Certified,,2026-04-30T00:00:00,"DiDi Research America, LLC ",Senior Staff Software Engineer,17-2199.08,Robotics Engineers,Y,213943,355680,Year,187762,Year,San Jose,CA,95134,213943,FY2026_Q3
I-200-26118-844852,Certified,,2026-05-05T00:00:00,"DiDi Research America, LLC ",Software Engineer II,17-2199.08,Robotics Engineers,Y,158621,214776,Year,158621,Year,San Jose,CA,95134,158621,FY2026_Q3
I-200-26124-864882,Certified,,2026-05-11T00:00:00,"DiDi Research America, LLC ",Software Engineer II,17-2199.08,Robotics Engineers,Y,187762,200000,Year,187762,Year,San Jose,CA,95134,187762,FY2026_Q3
I-200-26128-888131,Certified,,2026-05-15T00:00:00,"DiDi Research America, LLC ",Software Engineer II,17-2199.08,Robotics Engineers,Y,129459,214776,Year,129459,Year,San Jose,CA,95134,129459,FY2026_Q3
I-200-26135-915096,Certified,,2026-05-22T00:00:00,"DiDi USA, Inc.",IT Network Engineer,15-1244.00,Network and Computer Systems Administrators,Y,121300,242670,Year,107578,Year,San Jose,CA,95134,121300,FY2026_Q3
I-200-26153-972382,Certified,,2026-06-09T00:00:00,"DiDi Research America, LLC ",Software Engineer II,17-2199.08,Robotics Engineers,Y,129459,214776,Year,129459,Year,San Jose,CA,95134,129459,FY2026_Q3
I-200-26153-972390,Certified,,2026-06-09T00:00:00,"DiDi USA, Inc.",Recruiting Manager,13-1071.00,Human Resources Specialists,Y,150738,155000,Year,150738,Year,San Jose,CA,95134,150738,FY2026_Q3
I-200-26153-972428,Certified,,2026-06-09T00:00:00,"DiDi Research America, LLC ",Software Engineer II,17-2199.08,Robotics Engineers,Y,129459,214776,Year,129459,Year,San Jose,CA,95134,129459,FY2026_Q3
